{
  "results": [
    {
      "command": "./prime --lo 0 --hi 100000 --nPartitions 65536",
      "mean": 0.04637005623333334,
      "stddev": 0.0009985359059219595,
      "median": 0.046229508200000005,
      "user": 0.2209050666666666,
      "system": 0.02431714666666666,
      "min": 0.0450621542,
      "max": 0.0492612372,
      "times": [
        0.047317321200000005,
        0.0481011952,
        0.04543311320000001,
        0.045452154200000004,
        0.0471389872,
        0.0465266542,
        0.046339862200000005,
        0.0455076962,
        0.046272154200000006,
        0.0452393622,
        0.045634487200000004,
        0.0483389872,
        0.045388862200000005,
        0.046564987200000005,
        0.048020404200000005,
        0.046346071200000005,
        0.0475420712,
        0.047704237200000006,
        0.047239821200000004,
        0.0461415712,
        0.046387071200000005,
        0.046655279200000004,
        0.045822779200000004,
        0.0480864042,
        0.0462289872,
        0.045894321200000004,
        0.045775238200000005,
        0.045177529200000004,
        0.04550261220000001,
        0.047071946200000006,
        0.0460466962,
        0.0473848622,
        0.045906779200000004,
        0.04687507020000001,
        0.0466962792,
        0.045347904200000004,
        0.04518132020000001,
        0.047719612200000004,
        0.0466309462,
        0.047389945200000005,
        0.0492612372,
        0.04526636320000001,
        0.0458559882,
        0.0466540702,
        0.0454040292,
        0.048018362200000005,
        0.0450621542,
        0.0456910712,
        0.046841404200000006,
        0.045396571200000006,
        0.0462300292,
        0.045430862200000005,
        0.045654904200000006,
        0.0454527372,
        0.045522987200000004,
        0.04726927920000001,
        0.0454900702,
        0.0453801952,
        0.0471976132,
        0.045091862200000006
      ],
      "exit_codes": [
        0,
        0,
        0,
        0,
        0,
        0,
        0,
        0,
        0,
        0,
        0,
        0,
        0,
        0,
        0,
        0,
        0,
        0,
        0,
        0,
        0,
        0,
        0,
        0,
        0,
        0,
        0,
        0,
        0,
        0,
        0,
        0,
        0,
        0,
        0,
        0,
        0,
        0,
        0,
        0,
        0,
        0,
        0,
        0,
        0,
        0,
        0,
        0,
        0,
        0,
        0,
        0,
        0,
        0,
        0,
        0,
        0,
        0,
        0,
        0
      ]
    }
  ]
}
