{
  "results": [
    {
      "command": "./prime --lo 0 --hi 100000 --nPartitions 4096",
      "mean": 0.046826718155081964,
      "stddev": 0.0004341437481197649,
      "median": 0.046809883860000005,
      "user": 0.3038500370491803,
      "system": 0.014779720000000001,
      "min": 0.045556008860000004,
      "max": 0.04778288386000001,
      "times": [
        0.04664617586000001,
        0.04689359186000001,
        0.046677050860000006,
        0.04709450986,
        0.047058550860000006,
        0.046714967860000005,
        0.047011716860000004,
        0.04639113486,
        0.04727084186,
        0.046639550860000004,
        0.04716717586000001,
        0.04742805086,
        0.04703046686,
        0.04713859186,
        0.047314342860000004,
        0.046934341860000006,
        0.046809883860000005,
        0.04707225886000001,
        0.047583258860000005,
        0.046711592860000005,
        0.04778288386000001,
        0.046875009860000004,
        0.046635341860000006,
        0.046848841860000004,
        0.04645888386,
        0.046855842860000003,
        0.046558300860000006,
        0.046735217860000004,
        0.04698371786,
        0.04674784186000001,
        0.04666784286,
        0.04682475886,
        0.046542800860000004,
        0.046239842860000005,
        0.04663650886,
        0.04598534286000001,
        0.045556008860000004,
        0.046383008860000005,
        0.04728350986,
        0.046938800860000005,
        0.046634550860000006,
        0.04653200886,
        0.046752842860000005,
        0.046622092860000006,
        0.046974259860000006,
        0.04736059186,
        0.046098800860000004,
        0.04670296686000001,
        0.046960342860000004,
        0.046596967860000005,
        0.04689196786,
        0.04752242586,
        0.04768317586,
        0.046722175860000006,
        0.047000008860000005,
        0.04765392586,
        0.045745258860000006,
        0.046711550860000006,
        0.04660717586,
        0.047230800860000005,
        0.04629755086
      ],
      "exit_codes": [
        0,
        0,
        0,
        0,
        0,
        0,
        0,
        0,
        0,
        0,
        0,
        0,
        0,
        0,
        0,
        0,
        0,
        0,
        0,
        0,
        0,
        0,
        0,
        0,
        0,
        0,
        0,
        0,
        0,
        0,
        0,
        0,
        0,
        0,
        0,
        0,
        0,
        0,
        0,
        0,
        0,
        0,
        0,
        0,
        0,
        0,
        0,
        0,
        0,
        0,
        0,
        0,
        0,
        0,
        0,
        0,
        0,
        0,
        0,
        0,
        0
      ]
    }
  ]
}
