{
  "results": [
    {
      "command": "./prime --lo 0 --hi 100000 --nPartitions 16",
      "mean": 0.04620099364918033,
      "stddev": 0.0016976128808105847,
      "median": 0.046012184600000006,
      "user": 0.29915700229508196,
      "system": 0.006148064590163935,
      "min": 0.04419568360000001,
      "max": 0.056292683600000004,
      "times": [
        0.046591101600000004,
        0.045876601600000004,
        0.044430517600000004,
        0.0463626846,
        0.0477937256,
        0.046137267600000004,
        0.046544934600000004,
        0.04627122560000001,
        0.0482584756,
        0.045589475600000005,
        0.0463377676,
        0.04507226760000001,
        0.0451725596,
        0.045626059600000005,
        0.046750850600000005,
        0.045592642600000004,
        0.0449588926,
        0.0472556426,
        0.0456471846,
        0.0458437676,
        0.04668747560000001,
        0.04746289260000001,
        0.0456217676,
        0.0462563096,
        0.04479893360000001,
        0.0454923506,
        0.045257767600000005,
        0.046082225600000006,
        0.044957934600000006,
        0.04471126760000001,
        0.0460968926,
        0.047659600600000004,
        0.045001559600000005,
        0.047227558600000004,
        0.04496593460000001,
        0.0454666426,
        0.044280809600000005,
        0.04543585060000001,
        0.044819767600000004,
        0.046505517600000004,
        0.046012184600000006,
        0.0448613506,
        0.0451238086,
        0.048201392600000004,
        0.04582489260000001,
        0.04833272560000001,
        0.04419568360000001,
        0.0483093506,
        0.04646647660000001,
        0.0450968506,
        0.0453499336,
        0.0482901426,
        0.046154558600000006,
        0.04605801760000001,
        0.046214975600000006,
        0.04611143460000001,
        0.046044851600000006,
        0.045915184600000006,
        0.04466926760000001,
        0.0478321426,
        0.056292683600000004
      ],
      "exit_codes": [
        0,
        0,
        0,
        0,
        0,
        0,
        0,
        0,
        0,
        0,
        0,
        0,
        0,
        0,
        0,
        0,
        0,
        0,
        0,
        0,
        0,
        0,
        0,
        0,
        0,
        0,
        0,
        0,
        0,
        0,
        0,
        0,
        0,
        0,
        0,
        0,
        0,
        0,
        0,
        0,
        0,
        0,
        0,
        0,
        0,
        0,
        0,
        0,
        0,
        0,
        0,
        0,
        0,
        0,
        0,
        0,
        0,
        0,
        0,
        0,
        0
      ]
    }
  ]
}
