{
  "results": [
    {
      "command": "./prime --lo 0 --hi 100000 --nPartitions 2",
      "mean": 0.1400150141895238,
      "stddev": 0.00009746566819327758,
      "median": 0.14001753038,
      "user": 0.20234745809523813,
      "system": 0.016588915238095237,
      "min": 0.13980269638,
      "max": 0.14027111338,
      "times": [
        0.13989282138,
        0.14005261338000002,
        0.13997478038000002,
        0.14004344638000002,
        0.14010673838,
        0.13980269638,
        0.13999323838000002,
        0.13998273838000003,
        0.13998748838000002,
        0.14009307138000002,
        0.14004415538,
        0.14005678038000002,
        0.14009119738,
        0.14004644638000002,
        0.13986223838,
        0.14027111338,
        0.14007403038000002,
        0.13993952938,
        0.13997211338,
        0.14001753038,
        0.14001053038000003
      ],
      "exit_codes": [
        0,
        0,
        0,
        0,
        0,
        0,
        0,
        0,
        0,
        0,
        0,
        0,
        0,
        0,
        0,
        0,
        0,
        0,
        0,
        0,
        0
      ]
    }
  ]
}
