{
  "results": [
    {
      "command": "./prime --lo 0 --hi 100000 --nPartitions 1024",
      "mean": 0.044079260496923074,
      "stddev": 0.00026993810633806114,
      "median": 0.04404812082,
      "user": 0.30182843846153834,
      "system": 0.007130778461538462,
      "min": 0.04349995382,
      "max": 0.04464545382,
      "times": [
        0.043756745820000005,
        0.04426678782,
        0.04382249582,
        0.04424541282,
        0.044343912820000005,
        0.044331203820000005,
        0.043927662820000005,
        0.04422032882,
        0.04402437082,
        0.04383262082,
        0.04436949582,
        0.04382182882,
        0.044173537820000004,
        0.04399649582,
        0.04426978782,
        0.044285078820000004,
        0.04395037082,
        0.04461120382,
        0.04401262082,
        0.043974661820000004,
        0.044088745820000004,
        0.044325786820000004,
        0.04451545382,
        0.04463507982,
        0.04422528782,
        0.04409266282,
        0.04423895382,
        0.04358074582,
        0.04437628782,
        0.04404812082,
        0.04404182982,
        0.04402199582,
        0.04389566182,
        0.044368828820000004,
        0.04384224582,
        0.04428541182,
        0.04433470382,
        0.04421653782,
        0.04377166282,
        0.04448845382,
        0.04413895382,
        0.04388870382,
        0.04427449582,
        0.04349995382,
        0.04384145382,
        0.04423049582,
        0.04426320382,
        0.04396362082,
        0.04420503682,
        0.04419103682,
        0.043868828820000004,
        0.04464545382,
        0.04447762082,
        0.044113120820000004,
        0.04367262082,
        0.04389728782,
        0.04352882982,
        0.04376941182,
        0.04399991282,
        0.04371570382,
        0.04401516182,
        0.043704370820000005,
        0.043901786820000004,
        0.04377145482,
        0.04394232982
      ],
      "exit_codes": [
        0,
        0,
        0,
        0,
        0,
        0,
        0,
        0,
        0,
        0,
        0,
        0,
        0,
        0,
        0,
        0,
        0,
        0,
        0,
        0,
        0,
        0,
        0,
        0,
        0,
        0,
        0,
        0,
        0,
        0,
        0,
        0,
        0,
        0,
        0,
        0,
        0,
        0,
        0,
        0,
        0,
        0,
        0,
        0,
        0,
        0,
        0,
        0,
        0,
        0,
        0,
        0,
        0,
        0,
        0,
        0,
        0,
        0,
        0,
        0,
        0,
        0,
        0,
        0,
        0
      ]
    }
  ]
}
