{
  "results": [
    {
      "command": "./prime --lo 0 --hi 100000 --nPartitions 16384",
      "mean": 0.05595836813185187,
      "stddev": 0.0018708198432075245,
      "median": 0.05539119928,
      "user": 0.33394645407407403,
      "system": 0.03246341481481481,
      "min": 0.05300699078,
      "max": 0.06124107378,
      "times": [
        0.05300699078,
        0.056629824780000004,
        0.054301949780000004,
        0.054624074780000004,
        0.054972907780000003,
        0.05900686578,
        0.05743519878,
        0.05485015778,
        0.05518874078,
        0.057223990780000004,
        0.05453494878,
        0.05420232378,
        0.056370531780000004,
        0.05379565678,
        0.05698278278,
        0.05486494878,
        0.05393978178,
        0.05493232378,
        0.05519503278,
        0.05802774078,
        0.055447740780000004,
        0.05366290778,
        0.05645128178,
        0.05765899078,
        0.05383007378,
        0.05574694978,
        0.05436674078,
        0.05636311578,
        0.05466694978,
        0.05418278278,
        0.05431965778,
        0.05871882378,
        0.056333698780000004,
        0.05388115778,
        0.05809894878,
        0.05898515678,
        0.05724640678,
        0.06031661578,
        0.055183490780000004,
        0.05533465778,
        0.05861040778,
        0.05730332378,
        0.05453190778,
        0.055588324780000004,
        0.05697428278,
        0.05872674078,
        0.057973240780000004,
        0.05631565778,
        0.05407736578,
        0.06124107378,
        0.05608115778,
        0.05481207478,
        0.05494299078,
        0.05369040778
      ],
      "exit_codes": [
        0,
        0,
        0,
        0,
        0,
        0,
        0,
        0,
        0,
        0,
        0,
        0,
        0,
        0,
        0,
        0,
        0,
        0,
        0,
        0,
        0,
        0,
        0,
        0,
        0,
        0,
        0,
        0,
        0,
        0,
        0,
        0,
        0,
        0,
        0,
        0,
        0,
        0,
        0,
        0,
        0,
        0,
        0,
        0,
        0,
        0,
        0,
        0,
        0,
        0,
        0,
        0,
        0,
        0
      ]
    }
  ]
}
