{
  "results": [
    {
      "command": "./prime --lo 0 --hi 100000 --nPartitions 512",
      "mean": 0.04405833565846154,
      "stddev": 0.0002942149863852254,
      "median": 0.04403299812000001,
      "user": 0.3060795999999999,
      "system": 0.005582426153846157,
      "min": 0.043340040120000006,
      "max": 0.04497224812,
      "times": [
        0.043931082120000006,
        0.044571457120000005,
        0.04414033212,
        0.043977831120000005,
        0.043992124120000003,
        0.04429637312,
        0.043683207120000005,
        0.04480995712,
        0.04466749812,
        0.04397304012,
        0.04432020712,
        0.043970081120000004,
        0.044376415120000005,
        0.04419091512,
        0.044271956120000004,
        0.04405287312,
        0.04415904012000001,
        0.04385529012,
        0.043807665120000006,
        0.04497224812,
        0.044183165120000006,
        0.04432183212,
        0.04397879012000001,
        0.04413945712,
        0.04359874812,
        0.04403754012,
        0.043895582120000005,
        0.04391237412,
        0.04406720712,
        0.043560040120000004,
        0.04411312312,
        0.044023998120000005,
        0.04438254012,
        0.04403299812000001,
        0.04412029012,
        0.04399533212,
        0.043777124120000004,
        0.04406849812,
        0.043590874120000005,
        0.043541331120000006,
        0.043958874120000005,
        0.04420795712,
        0.043913290120000004,
        0.044112165120000005,
        0.04398887312,
        0.04417395712,
        0.04403758112,
        0.043938206120000003,
        0.044389082120000006,
        0.044226290120000004,
        0.04385499812,
        0.043779374120000006,
        0.044026082120000004,
        0.04361508212,
        0.04399141512,
        0.04442320712,
        0.04368145712,
        0.04434570612,
        0.043908082120000004,
        0.04436949812,
        0.043340040120000006,
        0.043840373120000005,
        0.043988207120000004,
        0.044227873120000004,
        0.044093707120000006
      ],
      "exit_codes": [
        0,
        0,
        0,
        0,
        0,
        0,
        0,
        0,
        0,
        0,
        0,
        0,
        0,
        0,
        0,
        0,
        0,
        0,
        0,
        0,
        0,
        0,
        0,
        0,
        0,
        0,
        0,
        0,
        0,
        0,
        0,
        0,
        0,
        0,
        0,
        0,
        0,
        0,
        0,
        0,
        0,
        0,
        0,
        0,
        0,
        0,
        0,
        0,
        0,
        0,
        0,
        0,
        0,
        0,
        0,
        0,
        0,
        0,
        0,
        0,
        0,
        0,
        0,
        0,
        0
      ]
    }
  ]
}
