{
  "results": [
    {
      "command": "./prime --lo 0 --hi 100000 --nPartitions 64",
      "mean": 0.04373938859393938,
      "stddev": 0.00037965884908039486,
      "median": 0.0436899957,
      "user": 0.30767782484848494,
      "system": 0.0035785284848484844,
      "min": 0.042975933699999996,
      "max": 0.0451380587,
      "times": [
        0.0435407257,
        0.0435325167,
        0.0435988497,
        0.0446420577,
        0.0438291827,
        0.0438459747,
        0.0444215167,
        0.0451380587,
        0.0448683087,
        0.0439096417,
        0.0437035167,
        0.0435661007,
        0.0435428917,
        0.0439678917,
        0.0440764757,
        0.0438787667,
        0.0438148917,
        0.0436435167,
        0.0441913077,
        0.0436043917,
        0.043448474699999996,
        0.0435424747,
        0.0434909327,
        0.0439273087,
        0.0437963917,
        0.0434742257,
        0.0437603077,
        0.0432175587,
        0.0435587257,
        0.0438267247,
        0.0431995997,
        0.0434266827,
        0.0435717247,
        0.0439644747,
        0.0436608087,
        0.0438390167,
        0.043521850699999996,
        0.0437662667,
        0.0433970167,
        0.0437309327,
        0.0436764747,
        0.0438778507,
        0.0436190587,
        0.0438019337,
        0.043671516699999996,
        0.0439455997,
        0.0441504327,
        0.0440951417,
        0.0432520587,
        0.0433834747,
        0.0437802257,
        0.0435597667,
        0.0443093507,
        0.0431416417,
        0.0439461417,
        0.0432314757,
        0.0436025587,
        0.0438596007,
        0.0434889747,
        0.0439316837,
        0.0435323507,
        0.042975933699999996,
        0.0431908507,
        0.0434854337,
        0.0439167247,
        0.0439353087
      ],
      "exit_codes": [
        0,
        0,
        0,
        0,
        0,
        0,
        0,
        0,
        0,
        0,
        0,
        0,
        0,
        0,
        0,
        0,
        0,
        0,
        0,
        0,
        0,
        0,
        0,
        0,
        0,
        0,
        0,
        0,
        0,
        0,
        0,
        0,
        0,
        0,
        0,
        0,
        0,
        0,
        0,
        0,
        0,
        0,
        0,
        0,
        0,
        0,
        0,
        0,
        0,
        0,
        0,
        0,
        0,
        0,
        0,
        0,
        0,
        0,
        0,
        0,
        0,
        0,
        0,
        0,
        0,
        0
      ]
    }
  ]
}
