{
  "results": [
    {
      "command": "./prime --lo 0 --hi 100000 --nPartitions 8",
      "mean": 0.05348060997555556,
      "stddev": 0.001342332879430651,
      "median": 0.05378473242,
      "user": 0.2664387585185184,
      "system": 0.020733326666666666,
      "min": 0.051082524920000004,
      "max": 0.05696094092,
      "times": [
        0.05270398292,
        0.05162439892,
        0.05494606592,
        0.05254014892,
        0.05423139892,
        0.05373077392,
        0.05271831592,
        0.05392223292,
        0.05154189992,
        0.05178831592,
        0.05516298192000001,
        0.052213190920000006,
        0.05115523292,
        0.053900273920000005,
        0.05199089992,
        0.05256223192,
        0.053973649920000005,
        0.054281732920000006,
        0.05270373292,
        0.05420648192,
        0.05409881592,
        0.05476923292,
        0.05217206592,
        0.05190577392,
        0.05375931592,
        0.05401919092,
        0.051343857920000006,
        0.05409698292,
        0.054120982920000005,
        0.053148648920000006,
        0.05381014892,
        0.05431039992,
        0.05503085792,
        0.052854315920000006,
        0.05381094092,
        0.05696094092,
        0.056194731920000004,
        0.055152107920000006,
        0.055008440920000005,
        0.05129910792,
        0.05230439992,
        0.05354873192,
        0.05134919092,
        0.051082524920000004,
        0.054243690920000004,
        0.05355573292,
        0.054555690920000004,
        0.05330027492,
        0.05461848292,
        0.054643523920000006,
        0.05491081592,
        0.05332910792,
        0.054363190920000005,
        0.05238277492
      ],
      "exit_codes": [
        0,
        0,
        0,
        0,
        0,
        0,
        0,
        0,
        0,
        0,
        0,
        0,
        0,
        0,
        0,
        0,
        0,
        0,
        0,
        0,
        0,
        0,
        0,
        0,
        0,
        0,
        0,
        0,
        0,
        0,
        0,
        0,
        0,
        0,
        0,
        0,
        0,
        0,
        0,
        0,
        0,
        0,
        0,
        0,
        0,
        0,
        0,
        0,
        0,
        0,
        0,
        0,
        0,
        0
      ]
    }
  ]
}
