{
  "results": [
    {
      "command": "./prime --lo 0 --hi 100000 --nPartitions 16384",
      "mean": 0.05559222589999999,
      "stddev": 0.0016663673407944061,
      "median": 0.05514999946,
      "user": 0.33235774000000007,
      "system": 0.0316305,
      "min": 0.05305326996,
      "max": 0.06041514496,
      "times": [
        0.057131686960000004,
        0.05531051996,
        0.05330535296,
        0.05452406196,
        0.05471285296,
        0.055100519960000004,
        0.056120769960000004,
        0.05479322796,
        0.056034644960000005,
        0.05709918696,
        0.05485964496,
        0.05860747896,
        0.05407514496,
        0.05373418596,
        0.05487397796,
        0.057091978960000005,
        0.05413772796,
        0.056000644960000005,
        0.05554256196,
        0.05689172896,
        0.05384339496,
        0.05802081196,
        0.05452489496,
        0.05549306196,
        0.05519947896,
        0.05538510396,
        0.05822564496,
        0.06041514496,
        0.054038186960000005,
        0.05488126996,
        0.05759689496,
        0.054351769960000004,
        0.05468901996,
        0.05786518696,
        0.05414406196,
        0.05483381196,
        0.05747110396,
        0.05877751996,
        0.05708147896,
        0.053914769960000004,
        0.05564401996,
        0.05402039496,
        0.05404218696,
        0.05305326996,
        0.05412035296,
        0.05589451996,
        0.05681231196,
        0.05437856096,
        0.05744906196,
        0.05349610296
      ],
      "exit_codes": [
        0,
        0,
        0,
        0,
        0,
        0,
        0,
        0,
        0,
        0,
        0,
        0,
        0,
        0,
        0,
        0,
        0,
        0,
        0,
        0,
        0,
        0,
        0,
        0,
        0,
        0,
        0,
        0,
        0,
        0,
        0,
        0,
        0,
        0,
        0,
        0,
        0,
        0,
        0,
        0,
        0,
        0,
        0,
        0,
        0,
        0,
        0,
        0,
        0,
        0
      ]
    }
  ]
}
