{
  "results": [
    {
      "command": "./prime --lo 0 --hi 100000 --nPartitions 4",
      "mean": 0.0829792950314286,
      "stddev": 0.0005664254573368328,
      "median": 0.08291853666000001,
      "user": 0.20571501142857143,
      "system": 0.023784671428571425,
      "min": 0.08238541166000002,
      "max": 0.08562174466000001,
      "times": [
        0.08296612066000002,
        0.08300574466,
        0.08324420266000002,
        0.08277182866000002,
        0.08296982866000001,
        0.08268249566000001,
        0.08295216166000001,
        0.08252941166000001,
        0.08284570366,
        0.08304386966,
        0.08291853666000001,
        0.08261253666000001,
        0.08274682766000001,
        0.08314111966000001,
        0.08254145366000001,
        0.08286212066000001,
        0.08249628666000001,
        0.08238541166000002,
        0.08255966166,
        0.08302307866000001,
        0.08332791166000002,
        0.08292403666,
        0.08303245366,
        0.08562174466000001,
        0.08395791166000001,
        0.08362749466000001,
        0.08245757866000002,
        0.08277857866000002,
        0.08265978666000001,
        0.08277720366,
        0.08331170266000001,
        0.08255378666000002,
        0.08313816166000002,
        0.08300903666000001,
        0.08279953666
      ],
      "exit_codes": [
        0,
        0,
        0,
        0,
        0,
        0,
        0,
        0,
        0,
        0,
        0,
        0,
        0,
        0,
        0,
        0,
        0,
        0,
        0,
        0,
        0,
        0,
        0,
        0,
        0,
        0,
        0,
        0,
        0,
        0,
        0,
        0,
        0,
        0,
        0
      ]
    }
  ]
}
