{
  "results": [
    {
      "command": "./prime --lo 0 --hi 100000 --nPartitions 32",
      "mean": 0.04419433664769231,
      "stddev": 0.00046650352393710974,
      "median": 0.044139397940000005,
      "user": 0.30769061538461534,
      "system": 0.00391024,
      "min": 0.04316285694,
      "max": 0.04532477294,
      "times": [
        0.04363906494,
        0.04423206494,
        0.044103105940000005,
        0.04532477294,
        0.043959147940000005,
        0.04361952294,
        0.04376993994,
        0.044139397940000005,
        0.04426214794,
        0.043711189940000006,
        0.044268064940000004,
        0.044294439940000006,
        0.044656064940000004,
        0.044543439940000006,
        0.044841939940000006,
        0.04528202294000001,
        0.04484002294,
        0.045068689940000004,
        0.044414522940000006,
        0.044465439940000004,
        0.044205564940000004,
        0.04414102294,
        0.04410681494,
        0.043822022940000004,
        0.04443468994,
        0.043860856940000005,
        0.044286148940000006,
        0.043637564940000005,
        0.04397089794,
        0.04316285694,
        0.044131897940000005,
        0.04364448194,
        0.04426243994,
        0.04379727294000001,
        0.044115772940000006,
        0.043874814940000006,
        0.043812939940000004,
        0.04407139794,
        0.04445181494,
        0.04422610694,
        0.04404456494,
        0.04449335594,
        0.04395910594,
        0.04463431494,
        0.04452127394,
        0.04413460694,
        0.04365643994,
        0.044506064940000006,
        0.043904980940000005,
        0.044287272940000004,
        0.04505323094,
        0.04404389794,
        0.043402064940000006,
        0.043206564940000004,
        0.044516773940000004,
        0.043894814940000006,
        0.044599189940000006,
        0.04489135594,
        0.04400264794,
        0.04407652294,
        0.04433073194000001,
        0.044015189940000005,
        0.04428710694,
        0.045193106940000005,
        0.04352431494
      ],
      "exit_codes": [
        0,
        0,
        0,
        0,
        0,
        0,
        0,
        0,
        0,
        0,
        0,
        0,
        0,
        0,
        0,
        0,
        0,
        0,
        0,
        0,
        0,
        0,
        0,
        0,
        0,
        0,
        0,
        0,
        0,
        0,
        0,
        0,
        0,
        0,
        0,
        0,
        0,
        0,
        0,
        0,
        0,
        0,
        0,
        0,
        0,
        0,
        0,
        0,
        0,
        0,
        0,
        0,
        0,
        0,
        0,
        0,
        0,
        0,
        0,
        0,
        0,
        0,
        0,
        0,
        0
      ]
    }
  ]
}
