{
  "results": [
    {
      "command": "./prime --lo 0 --hi 100000 --nPartitions 1",
      "mean": 0.19326966046,
      "stddev": 0.0001279959837253824,
      "median": 0.19327880486000001,
      "user": 0.20527069999999994,
      "system": 0.020023553333333336,
      "min": 0.19300288786000003,
      "max": 0.19347017986,
      "times": [
        0.19300288786000003,
        0.19347017986,
        0.19336847186000003,
        0.19335467986000002,
        0.19340342986000003,
        0.19327880486000001,
        0.19316942986000002,
        0.19322905486000003,
        0.19313467986000002,
        0.19316109586000002,
        0.19322397186,
        0.19340105486000003,
        0.19316672186000003,
        0.19331367986000003,
        0.19336676386
      ],
      "exit_codes": [
        0,
        0,
        0,
        0,
        0,
        0,
        0,
        0,
        0,
        0,
        0,
        0,
        0,
        0,
        0
      ]
    }
  ]
}
