{
  "results": [
    {
      "command": "./prime --lo 0 --hi 100000 --nPartitions 512",
      "mean": 0.043989434476923085,
      "stddev": 0.0002805226145490831,
      "median": 0.043920433200000004,
      "user": 0.30621389538461546,
      "system": 0.005416312307692308,
      "min": 0.0433001822,
      "max": 0.0445986832,
      "times": [
        0.0438227242,
        0.04383734920000001,
        0.043613890200000005,
        0.04446497420000001,
        0.04447530820000001,
        0.0439062662,
        0.043819849200000004,
        0.044251808200000006,
        0.043874016200000004,
        0.0439814742,
        0.04430418220000001,
        0.04421909920000001,
        0.0442345572,
        0.0438554322,
        0.044430266200000006,
        0.043825765200000005,
        0.04430626620000001,
        0.043942224200000005,
        0.044484724200000006,
        0.0443572662,
        0.0439944322,
        0.044298516200000006,
        0.0443165582,
        0.04453289120000001,
        0.043857683200000004,
        0.044299099200000004,
        0.044007099200000004,
        0.044171516200000004,
        0.0439529322,
        0.0436295162,
        0.0439451822,
        0.0435078902,
        0.043766141200000004,
        0.044169682200000004,
        0.043860265200000005,
        0.044268724200000005,
        0.04371776520000001,
        0.0438398912,
        0.04377639020000001,
        0.043940891200000005,
        0.043850974200000004,
        0.04365084920000001,
        0.043920433200000004,
        0.0438139332,
        0.044084808200000006,
        0.0437301822,
        0.04390734920000001,
        0.04411201520000001,
        0.0438367662,
        0.0442789322,
        0.04380418220000001,
        0.0437895572,
        0.0438435162,
        0.043889766200000006,
        0.044066974200000004,
        0.044323974200000005,
        0.04337126620000001,
        0.04384434920000001,
        0.0439814742,
        0.043919432200000004,
        0.04381689020000001,
        0.0445986832,
        0.044062016200000005,
        0.0433001822,
        0.04365422420000001
      ],
      "exit_codes": [
        0,
        0,
        0,
        0,
        0,
        0,
        0,
        0,
        0,
        0,
        0,
        0,
        0,
        0,
        0,
        0,
        0,
        0,
        0,
        0,
        0,
        0,
        0,
        0,
        0,
        0,
        0,
        0,
        0,
        0,
        0,
        0,
        0,
        0,
        0,
        0,
        0,
        0,
        0,
        0,
        0,
        0,
        0,
        0,
        0,
        0,
        0,
        0,
        0,
        0,
        0,
        0,
        0,
        0,
        0,
        0,
        0,
        0,
        0,
        0,
        0,
        0,
        0,
        0,
        0
      ]
    }
  ]
}
