{
  "results": [
    {
      "command": "./prime --lo 0 --hi 100000 --nPartitions 32",
      "mean": 0.04415165784923075,
      "stddev": 0.0004420647674915683,
      "median": 0.04406242828,
      "user": 0.30755070615384605,
      "system": 0.0038580076923076935,
      "min": 0.04333638628,
      "max": 0.04539809528,
      "times": [
        0.04412397028,
        0.04392655328,
        0.044360387280000003,
        0.04482755328,
        0.043893803280000004,
        0.04424313628,
        0.04387421928,
        0.04430659428,
        0.04480447028,
        0.043691261280000004,
        0.04447947028,
        0.04426947028,
        0.04411409528,
        0.04405830328,
        0.04364897028,
        0.04395167828,
        0.04439488728,
        0.04409172028,
        0.04464588628,
        0.04509234528,
        0.04354830328,
        0.04423384528,
        0.04358809528,
        0.045218553280000004,
        0.04442584528,
        0.044608053280000004,
        0.04385201128,
        0.04377796928,
        0.04377901228,
        0.044037220280000004,
        0.04427080328,
        0.04404355328,
        0.04395509528,
        0.04333638628,
        0.04379201228,
        0.04347280328,
        0.044497844280000004,
        0.04450617828,
        0.04432838728,
        0.04441367828,
        0.04370776228,
        0.04411872028,
        0.04510921928,
        0.044479928280000004,
        0.04390742828,
        0.04359834528,
        0.043913762280000004,
        0.043842470280000004,
        0.04470263628,
        0.04382480328,
        0.044339095280000004,
        0.04469451128,
        0.04401555328,
        0.04406242828,
        0.044505845280000005,
        0.04359909528,
        0.043976803280000004,
        0.04418651128,
        0.04342167828,
        0.04386051228,
        0.04387821928,
        0.04385997028,
        0.04400417828,
        0.04436576128,
        0.04539809528
      ],
      "exit_codes": [
        0,
        0,
        0,
        0,
        0,
        0,
        0,
        0,
        0,
        0,
        0,
        0,
        0,
        0,
        0,
        0,
        0,
        0,
        0,
        0,
        0,
        0,
        0,
        0,
        0,
        0,
        0,
        0,
        0,
        0,
        0,
        0,
        0,
        0,
        0,
        0,
        0,
        0,
        0,
        0,
        0,
        0,
        0,
        0,
        0,
        0,
        0,
        0,
        0,
        0,
        0,
        0,
        0,
        0,
        0,
        0,
        0,
        0,
        0,
        0,
        0,
        0,
        0,
        0,
        0
      ]
    }
  ]
}
