{
  "results": [
    {
      "command": "./prime --lo 0 --hi 100000 --nPartitions 64",
      "mean": 0.043664827944848474,
      "stddev": 0.00030915816769496395,
      "median": 0.04366400646,
      "user": 0.3086939393939394,
      "system": 0.0036413769696969703,
      "min": 0.043027255959999997,
      "max": 0.04446779796,
      "times": [
        0.04345354796,
        0.04398325696,
        0.04394042396,
        0.04406092396,
        0.04391846496,
        0.04369521496,
        0.04364754896,
        0.04389317296,
        0.04343042396,
        0.04384708996,
        0.04397038196,
        0.04384613196,
        0.043839006959999996,
        0.043669922959999996,
        0.04411375596,
        0.04364875596,
        0.043659297959999996,
        0.04387917296,
        0.04353083996,
        0.04392300696,
        0.04400521496,
        0.04372321496,
        0.04331271496,
        0.04383629796,
        0.04361408996,
        0.04366871496,
        0.043027255959999997,
        0.04340983996,
        0.04446779796,
        0.04357288196,
        0.04381950596,
        0.04314296496,
        0.04353833996,
        0.04309713196,
        0.04329358996,
        0.04310183996,
        0.04349500696,
        0.04355488196,
        0.04337496496,
        0.04324238196,
        0.04382088196,
        0.04323700696,
        0.04334213196,
        0.04344763096,
        0.04361738096,
        0.04418225596,
        0.04436238196,
        0.04371346496,
        0.04395329796,
        0.04349600696,
        0.04394663096,
        0.04359229796,
        0.04365267296,
        0.04338183996,
        0.04356583996,
        0.04354596496,
        0.04431692396,
        0.04372013096,
        0.04369100596,
        0.04347700696,
        0.04380317296,
        0.04367404796,
        0.043723089959999996,
        0.04390988196,
        0.04323554896,
        0.04322117296
      ],
      "exit_codes": [
        0,
        0,
        0,
        0,
        0,
        0,
        0,
        0,
        0,
        0,
        0,
        0,
        0,
        0,
        0,
        0,
        0,
        0,
        0,
        0,
        0,
        0,
        0,
        0,
        0,
        0,
        0,
        0,
        0,
        0,
        0,
        0,
        0,
        0,
        0,
        0,
        0,
        0,
        0,
        0,
        0,
        0,
        0,
        0,
        0,
        0,
        0,
        0,
        0,
        0,
        0,
        0,
        0,
        0,
        0,
        0,
        0,
        0,
        0,
        0,
        0,
        0,
        0,
        0,
        0,
        0
      ]
    }
  ]
}
