{
  "results": [
    {
      "command": "./prime --lo 0 --hi 100000 --nPartitions 32768",
      "mean": 0.05965907506340426,
      "stddev": 0.0017915266409437062,
      "median": 0.05935633834,
      "user": 0.3569027093617022,
      "system": 0.03347198723404255,
      "min": 0.057034088340000004,
      "max": 0.06359608834000001,
      "times": [
        0.06069900534000001,
        0.05936104634,
        0.05759117234,
        0.05857571334,
        0.06262658834000001,
        0.057034088340000004,
        0.06017579734,
        0.05792537934,
        0.058537963340000006,
        0.05941183834,
        0.06183283834000001,
        0.060480754340000005,
        0.059574296340000006,
        0.05774058834,
        0.05853783834,
        0.05761850534,
        0.06300208834000001,
        0.06141717234,
        0.05824721334,
        0.05935633834,
        0.057911463340000004,
        0.05880129734,
        0.05844500534,
        0.05823983834,
        0.05857383834,
        0.05969225534,
        0.05918388034,
        0.05752929734,
        0.06359608834000001,
        0.05844217134,
        0.06307346334000001,
        0.061259254340000006,
        0.06294317134,
        0.061178338340000006,
        0.057743338340000006,
        0.05827121334,
        0.05799533834,
        0.061413629340000005,
        0.06016288034,
        0.06086833834,
        0.05964808834,
        0.05815500534,
        0.06234887934,
        0.05984933834,
        0.05814567134,
        0.05859933834,
        0.06215988034000001
      ],
      "exit_codes": [
        0,
        0,
        0,
        0,
        0,
        0,
        0,
        0,
        0,
        0,
        0,
        0,
        0,
        0,
        0,
        0,
        0,
        0,
        0,
        0,
        0,
        0,
        0,
        0,
        0,
        0,
        0,
        0,
        0,
        0,
        0,
        0,
        0,
        0,
        0,
        0,
        0,
        0,
        0,
        0,
        0,
        0,
        0,
        0,
        0,
        0,
        0
      ]
    }
  ]
}
