{
  "results": [
    {
      "command": "./prime --lo 0 --hi 100000 --nPartitions 8192",
      "mean": 0.051428595424561414,
      "stddev": 0.0010837180652263619,
      "median": 0.051220313600000004,
      "user": 0.3177826024561404,
      "system": 0.024753453333333335,
      "min": 0.0493205216,
      "max": 0.0547687306,
      "times": [
        0.050521646600000004,
        0.050810812600000005,
        0.0542005626,
        0.0547687306,
        0.051005063600000004,
        0.0503069796,
        0.0512027716,
        0.0516664806,
        0.0510504806,
        0.0510819376,
        0.0515243546,
        0.0514169386,
        0.053938729600000006,
        0.0522785626,
        0.0511705636,
        0.05327010460000001,
        0.049779646600000005,
        0.050911188600000004,
        0.0517598126,
        0.051445729600000004,
        0.0512896056,
        0.0526675626,
        0.052075063600000006,
        0.051435813600000005,
        0.0519938136,
        0.0511539806,
        0.051071229600000004,
        0.050542604600000006,
        0.0493205216,
        0.0514294386,
        0.0517245636,
        0.051322729600000006,
        0.051941854600000004,
        0.051974188600000006,
        0.050026521600000005,
        0.0506117716,
        0.051220313600000004,
        0.0523433966,
        0.0509574386,
        0.0502826046,
        0.0524435216,
        0.050871979600000006,
        0.0506016876,
        0.0506473136,
        0.051310313600000004,
        0.0509795216,
        0.05340572960000001,
        0.050220271600000005,
        0.050892271600000004,
        0.050714271600000006,
        0.049814605600000006,
        0.0507382716,
        0.052140979600000005,
        0.0503606466,
        0.051901105600000004,
        0.053100854600000004,
        0.0517904796
      ],
      "exit_codes": [
        0,
        0,
        0,
        0,
        0,
        0,
        0,
        0,
        0,
        0,
        0,
        0,
        0,
        0,
        0,
        0,
        0,
        0,
        0,
        0,
        0,
        0,
        0,
        0,
        0,
        0,
        0,
        0,
        0,
        0,
        0,
        0,
        0,
        0,
        0,
        0,
        0,
        0,
        0,
        0,
        0,
        0,
        0,
        0,
        0,
        0,
        0,
        0,
        0,
        0,
        0,
        0,
        0,
        0,
        0,
        0,
        0
      ]
    }
  ]
}
