{
  "results": [
    {
      "command": "./prime --lo 0 --hi 100000 --nPartitions 8",
      "mean": 0.0529851203090909,
      "stddev": 0.0013519720514460556,
      "median": 0.052866682000000005,
      "user": 0.27005846363636354,
      "system": 0.022072838181818186,
      "min": 0.050456015,
      "max": 0.056678015000000005,
      "times": [
        0.052340849,
        0.051838056,
        0.053808515,
        0.052495807000000005,
        0.052868556000000004,
        0.05134014,
        0.052833723000000006,
        0.052866682000000005,
        0.05354364,
        0.054762056,
        0.055041807000000005,
        0.050456015,
        0.054467432,
        0.051389098,
        0.052884806,
        0.054181973,
        0.05319489,
        0.052511473,
        0.051506432000000005,
        0.053962057,
        0.054816765,
        0.052549515000000005,
        0.051583224000000004,
        0.05114614,
        0.052080849000000005,
        0.05236214,
        0.052850640000000004,
        0.054160056000000005,
        0.051491515,
        0.051888432000000005,
        0.053910765,
        0.053294432,
        0.051244057,
        0.051079348000000004,
        0.052403765000000005,
        0.052786515000000006,
        0.052981765,
        0.054535599000000004,
        0.054264807000000005,
        0.053272557000000005,
        0.05296489,
        0.053050974,
        0.051378723,
        0.051866681000000005,
        0.054869056,
        0.054520556000000005,
        0.055277849000000004,
        0.056678015000000005,
        0.052906807,
        0.055832015000000006,
        0.054100723,
        0.051683515,
        0.05182214,
        0.052187432000000006,
        0.052045348000000005
      ],
      "exit_codes": [
        0,
        0,
        0,
        0,
        0,
        0,
        0,
        0,
        0,
        0,
        0,
        0,
        0,
        0,
        0,
        0,
        0,
        0,
        0,
        0,
        0,
        0,
        0,
        0,
        0,
        0,
        0,
        0,
        0,
        0,
        0,
        0,
        0,
        0,
        0,
        0,
        0,
        0,
        0,
        0,
        0,
        0,
        0,
        0,
        0,
        0,
        0,
        0,
        0,
        0,
        0,
        0,
        0,
        0,
        0
      ]
    }
  ]
}
