{
  "results": [
    {
      "command": "./prime --lo 0 --hi 100000 --nPartitions 1024",
      "mean": 0.04397341938307692,
      "stddev": 0.00031144173788896263,
      "median": 0.04400023226,
      "user": 0.3013564815384614,
      "system": 0.007003050769230769,
      "min": 0.04325031426,
      "max": 0.04473364826,
      "times": [
        0.04384952326,
        0.04440031526,
        0.04386777326,
        0.04450323126,
        0.04407389826,
        0.04421498126,
        0.04420335626,
        0.04410135626,
        0.04408231426,
        0.04411985726,
        0.04473364826,
        0.04412468926,
        0.04440556426,
        0.04381802326,
        0.044171023260000004,
        0.043855939260000004,
        0.04400023226,
        0.04415060726,
        0.04383877326,
        0.04426398226,
        0.04408114826,
        0.04386739826,
        0.04325031426,
        0.04389844026,
        0.04375352326,
        0.04338619026,
        0.04349873126,
        0.04414768926,
        0.044168690260000004,
        0.04346681526,
        0.04397577326,
        0.04373852326,
        0.04436544026,
        0.04425956426,
        0.04375364826,
        0.04337760726,
        0.04421864826,
        0.04424606526,
        0.043532523260000004,
        0.04360560726,
        0.04410289826,
        0.04429431426,
        0.04397364826,
        0.04378464826,
        0.04394485626,
        0.04366394026,
        0.04357889826,
        0.04391773126,
        0.04404960626,
        0.04392848126,
        0.04436518926,
        0.044070398260000004,
        0.04407544026,
        0.04387010626,
        0.043575606260000004,
        0.04389877326,
        0.043563648260000004,
        0.04367739826,
        0.04408773226,
        0.04424052326,
        0.04395231526,
        0.04444519026,
        0.04403310626,
        0.04337777326,
        0.04442860626
      ],
      "exit_codes": [
        0,
        0,
        0,
        0,
        0,
        0,
        0,
        0,
        0,
        0,
        0,
        0,
        0,
        0,
        0,
        0,
        0,
        0,
        0,
        0,
        0,
        0,
        0,
        0,
        0,
        0,
        0,
        0,
        0,
        0,
        0,
        0,
        0,
        0,
        0,
        0,
        0,
        0,
        0,
        0,
        0,
        0,
        0,
        0,
        0,
        0,
        0,
        0,
        0,
        0,
        0,
        0,
        0,
        0,
        0,
        0,
        0,
        0,
        0,
        0,
        0,
        0,
        0,
        0,
        0
      ]
    }
  ]
}
