{
  "results": [
    {
      "command": "./prime --lo 0 --hi 100000 --nPartitions 65536",
      "mean": 0.04671069501365081,
      "stddev": 0.001019255978445349,
      "median": 0.04663661822000001,
      "user": 0.22318386857142852,
      "system": 0.024700784444444443,
      "min": 0.04496382622000001,
      "max": 0.049012117220000005,
      "times": [
        0.045399451220000005,
        0.04496382622000001,
        0.04731686822000001,
        0.045549867220000005,
        0.045912118220000006,
        0.04804132622000001,
        0.04624086722000001,
        0.047271159220000004,
        0.046306159220000004,
        0.04532303422000001,
        0.047471117220000004,
        0.04663661822000001,
        0.04617840922000001,
        0.045647867220000006,
        0.04554799222000001,
        0.04791003422000001,
        0.047861659220000005,
        0.046290284220000005,
        0.045872284220000004,
        0.047852284220000006,
        0.04754124322000001,
        0.049012117220000005,
        0.047305409220000004,
        0.04581378422000001,
        0.04579428422000001,
        0.046941534220000004,
        0.048186868220000005,
        0.046850784220000004,
        0.045777617220000004,
        0.046629826220000004,
        0.047456284220000006,
        0.04598278422,
        0.04552582522,
        0.047225534220000004,
        0.046091368220000005,
        0.047900367220000004,
        0.04801578422000001,
        0.046217451220000004,
        0.047309826220000004,
        0.04703032622000001,
        0.046144534220000005,
        0.04836311722000001,
        0.045923617220000004,
        0.048701701220000004,
        0.04550907622000001,
        0.047996742220000006,
        0.045873826220000004,
        0.045050075220000006,
        0.04584486722000001,
        0.04654140922,
        0.046927242220000005,
        0.046733575220000004,
        0.046716951220000004,
        0.04703624322000001,
        0.048036493220000004,
        0.047477284220000006,
        0.047782868220000004,
        0.04562670122000001,
        0.047426701220000006,
        0.045070326220000005,
        0.045473326220000006,
        0.04805107622000001,
        0.04626378422000001
      ],
      "exit_codes": [
        0,
        0,
        0,
        0,
        0,
        0,
        0,
        0,
        0,
        0,
        0,
        0,
        0,
        0,
        0,
        0,
        0,
        0,
        0,
        0,
        0,
        0,
        0,
        0,
        0,
        0,
        0,
        0,
        0,
        0,
        0,
        0,
        0,
        0,
        0,
        0,
        0,
        0,
        0,
        0,
        0,
        0,
        0,
        0,
        0,
        0,
        0,
        0,
        0,
        0,
        0,
        0,
        0,
        0,
        0,
        0,
        0,
        0,
        0,
        0,
        0,
        0,
        0
      ]
    }
  ]
}
