{
  "results": [
    {
      "command": "./prime --lo 0 --hi 100000 --nPartitions 2",
      "mean": 0.1399158935495238,
      "stddev": 0.00019466509376557742,
      "median": 0.13988477774,
      "user": 0.20232299238095236,
      "system": 0.01649320761904762,
      "min": 0.13957248674,
      "max": 0.14039869474,
      "times": [
        0.13957248674,
        0.14039869474,
        0.13997102874,
        0.13994236174,
        0.13980065274,
        0.14000577874,
        0.13979265374,
        0.14023919474,
        0.13964402874,
        0.13981965374,
        0.13970440374,
        0.13984857074,
        0.13997211174000002,
        0.13983106974,
        0.13996211174,
        0.13983823674,
        0.13999173674,
        0.13987773674,
        0.13988477774,
        0.13990015374,
        0.14023632074
      ],
      "exit_codes": [
        0,
        0,
        0,
        0,
        0,
        0,
        0,
        0,
        0,
        0,
        0,
        0,
        0,
        0,
        0,
        0,
        0,
        0,
        0,
        0,
        0
      ]
    }
  ]
}
