{
  "results": [
    {
      "command": "./prime --lo 0 --hi 100000 --nPartitions 256",
      "mean": 0.04371274284923077,
      "stddev": 0.00024920357458392377,
      "median": 0.04370096088,
      "user": 0.30717107384615366,
      "system": 0.004227358461538462,
      "min": 0.04298337788,
      "max": 0.04420254388,
      "times": [
        0.04397154388,
        0.04365312788,
        0.04389904388,
        0.04373612788,
        0.04381371088,
        0.04372625288,
        0.04372358588,
        0.04385054388,
        0.04370096088,
        0.04370000188,
        0.04413571088,
        0.04369075288,
        0.04397166888,
        0.04368396088,
        0.04384737688,
        0.04363837788,
        0.04363754488,
        0.04364462788,
        0.04390579388,
        0.04367508588,
        0.04420254388,
        0.04373991888,
        0.04364908588,
        0.04357458588,
        0.04381012788,
        0.04381558588,
        0.04372441888,
        0.04367454388,
        0.04323962688,
        0.04349771088,
        0.04354221088,
        0.04369500188,
        0.04379221088,
        0.04372833588,
        0.04370016888,
        0.04379708588,
        0.04411600188,
        0.04356200288,
        0.04354571088,
        0.04359158588,
        0.04370425188,
        0.04352258588,
        0.04329879388,
        0.04417379388,
        0.04378187788,
        0.04363362688,
        0.04352512788,
        0.04367846088,
        0.04368225288,
        0.04333191988,
        0.04298337788,
        0.04385237688,
        0.04329733588,
        0.04373958588,
        0.04418625188,
        0.04385954388,
        0.04349891888,
        0.04419112788,
        0.04390054488,
        0.04338416888,
        0.04391633588,
        0.04302087788,
        0.04379612688,
        0.04365221088,
        0.04411254388
      ],
      "exit_codes": [
        0,
        0,
        0,
        0,
        0,
        0,
        0,
        0,
        0,
        0,
        0,
        0,
        0,
        0,
        0,
        0,
        0,
        0,
        0,
        0,
        0,
        0,
        0,
        0,
        0,
        0,
        0,
        0,
        0,
        0,
        0,
        0,
        0,
        0,
        0,
        0,
        0,
        0,
        0,
        0,
        0,
        0,
        0,
        0,
        0,
        0,
        0,
        0,
        0,
        0,
        0,
        0,
        0,
        0,
        0,
        0,
        0,
        0,
        0,
        0,
        0,
        0,
        0,
        0,
        0
      ]
    }
  ]
}
