{
  "results": [
    {
      "command": "./prime --lo 0 --hi 100000 --nPartitions 4096",
      "mean": 0.046866495941935496,
      "stddev": 0.0003600627630150477,
      "median": 0.0469624932,
      "user": 0.3038167516129031,
      "system": 0.014881809032258065,
      "min": 0.046047889200000004,
      "max": 0.047641305200000005,
      "times": [
        0.046138931200000004,
        0.0470610982,
        0.0465965972,
        0.0471233062,
        0.046443680200000004,
        0.047091514200000004,
        0.0474562232,
        0.0466219722,
        0.0470399312,
        0.046631180200000004,
        0.0468208892,
        0.0471003892,
        0.0469709732,
        0.0470906802,
        0.0464860142,
        0.0470950142,
        0.0473072222,
        0.0473489722,
        0.0470071802,
        0.0468866392,
        0.0468746392,
        0.047026430200000004,
        0.0470827642,
        0.0475528062,
        0.047200431200000004,
        0.046934097200000004,
        0.0468603472,
        0.0467233472,
        0.0465334302,
        0.047027972200000004,
        0.0470779302,
        0.0461208892,
        0.0461963052,
        0.046742389200000005,
        0.0469692222,
        0.0468384722,
        0.0468434722,
        0.0474075552,
        0.0470704312,
        0.0461870552,
        0.0471695972,
        0.0465513062,
        0.0462585972,
        0.046981264200000004,
        0.0466414722,
        0.0471977642,
        0.046906556200000005,
        0.0469637642,
        0.0467215142,
        0.0470783892,
        0.047247848200000005,
        0.046047889200000004,
        0.0463080562,
        0.0467613052,
        0.0469820982,
        0.0470980562,
        0.0463732222,
        0.0469612222,
        0.0467716392,
        0.047641305200000005,
        0.0464958472,
        0.0469756392
      ],
      "exit_codes": [
        0,
        0,
        0,
        0,
        0,
        0,
        0,
        0,
        0,
        0,
        0,
        0,
        0,
        0,
        0,
        0,
        0,
        0,
        0,
        0,
        0,
        0,
        0,
        0,
        0,
        0,
        0,
        0,
        0,
        0,
        0,
        0,
        0,
        0,
        0,
        0,
        0,
        0,
        0,
        0,
        0,
        0,
        0,
        0,
        0,
        0,
        0,
        0,
        0,
        0,
        0,
        0,
        0,
        0,
        0,
        0,
        0,
        0,
        0,
        0,
        0,
        0
      ]
    }
  ]
}
