{
  "results": [
    {
      "command": "./prime --lo 0 --hi 100000 --nPartitions 32768",
      "mean": 0.060216193159591855,
      "stddev": 0.002257679615007524,
      "median": 0.05948628418000001,
      "user": 0.3604465281632652,
      "system": 0.0342078106122449,
      "min": 0.05745349218000001,
      "max": 0.06521803418000001,
      "times": [
        0.059291367180000006,
        0.05873774318000001,
        0.05968549218000001,
        0.06521803418000001,
        0.05745349218000001,
        0.06289757618000001,
        0.06359690918000001,
        0.05918161718000001,
        0.059629534180000006,
        0.05799278418000001,
        0.05951328418000001,
        0.06301315918,
        0.06277507618000001,
        0.059661951180000006,
        0.06071865918000001,
        0.06322211718000001,
        0.06308386718,
        0.05948628418000001,
        0.05818328418000001,
        0.058125367180000005,
        0.05773136718000001,
        0.058018742180000006,
        0.05802065918000001,
        0.062498201180000004,
        0.058025784180000005,
        0.06313986718,
        0.05806978418000001,
        0.06343349218000001,
        0.059343492180000006,
        0.06161261818000001,
        0.057946992180000004,
        0.06369778418000001,
        0.057918951180000004,
        0.05794086818000001,
        0.05874895118000001,
        0.06173853418000001,
        0.060457367180000006,
        0.06342386718000001,
        0.059309493180000006,
        0.058506617180000005,
        0.06321015918,
        0.06258607518,
        0.06014470118000001,
        0.05815561718000001,
        0.06288707618,
        0.058206534180000005,
        0.058648950180000006,
        0.057768034180000004,
        0.057935284180000005
      ],
      "exit_codes": [
        0,
        0,
        0,
        0,
        0,
        0,
        0,
        0,
        0,
        0,
        0,
        0,
        0,
        0,
        0,
        0,
        0,
        0,
        0,
        0,
        0,
        0,
        0,
        0,
        0,
        0,
        0,
        0,
        0,
        0,
        0,
        0,
        0,
        0,
        0,
        0,
        0,
        0,
        0,
        0,
        0,
        0,
        0,
        0,
        0,
        0,
        0,
        0,
        0
      ]
    }
  ]
}
