{
  "results": [
    {
      "command": "./prime --lo 0 --hi 100000 --nPartitions 256",
      "mean": 0.043673972240000004,
      "stddev": 0.0003773417555129984,
      "median": 0.04357139304,
      "user": 0.30633855538461535,
      "system": 0.0041486138461538456,
      "min": 0.04305622604,
      "max": 0.04503701904,
      "times": [
        0.04379339404,
        0.04371235104,
        0.04445685204,
        0.04503701904,
        0.04485285204,
        0.04402447704,
        0.04368710104,
        0.04354443504,
        0.04402451904,
        0.04354497704,
        0.04343747704,
        0.04334897704,
        0.044285019040000005,
        0.044137977040000005,
        0.04403289304,
        0.04360101804,
        0.044012226040000005,
        0.04348581004,
        0.043540477040000004,
        0.04361193504,
        0.04422264304,
        0.04388706004,
        0.04373539304,
        0.04324047704,
        0.04383164304,
        0.04341581004,
        0.04315910204,
        0.04339381004,
        0.04363322704,
        0.04357139304,
        0.043529602040000004,
        0.04355093504,
        0.04352964304,
        0.04346885204,
        0.043356643040000004,
        0.04356368504,
        0.04352356004,
        0.04355597704,
        0.04389514304,
        0.04327918504,
        0.04342718504,
        0.04337135104,
        0.043785810040000005,
        0.04324889304,
        0.043555768040000005,
        0.043128935040000003,
        0.044088226040000005,
        0.04347768504,
        0.043756268040000004,
        0.04375743504,
        0.04325660204,
        0.044069018040000005,
        0.04361893504,
        0.043420435040000004,
        0.04341697604,
        0.04404235204,
        0.043766644040000004,
        0.04390322704,
        0.04390347704,
        0.04331989304,
        0.043133560040000005,
        0.04364206004,
        0.04372864404,
        0.04305622604,
        0.043417019040000004
      ],
      "exit_codes": [
        0,
        0,
        0,
        0,
        0,
        0,
        0,
        0,
        0,
        0,
        0,
        0,
        0,
        0,
        0,
        0,
        0,
        0,
        0,
        0,
        0,
        0,
        0,
        0,
        0,
        0,
        0,
        0,
        0,
        0,
        0,
        0,
        0,
        0,
        0,
        0,
        0,
        0,
        0,
        0,
        0,
        0,
        0,
        0,
        0,
        0,
        0,
        0,
        0,
        0,
        0,
        0,
        0,
        0,
        0,
        0,
        0,
        0,
        0,
        0,
        0,
        0,
        0,
        0,
        0
      ]
    }
  ]
}
