{
  "results": [
    {
      "command": "./prime --lo 0 --hi 100000 --nPartitions 8192",
      "mean": 0.051342186598947376,
      "stddev": 0.001204599756010016,
      "median": 0.05099277502,
      "user": 0.3176659677192984,
      "system": 0.024490824561403512,
      "min": 0.049691442020000004,
      "max": 0.054268858020000005,
      "times": [
        0.05034606702,
        0.05272035902,
        0.050331525020000004,
        0.05217202502,
        0.05339148302,
        0.05364831602,
        0.053849775020000004,
        0.05071969202,
        0.05174394202,
        0.05041852502,
        0.05273444202,
        0.050308941020000005,
        0.05138960802,
        0.05032090002,
        0.05014481602,
        0.050075525020000004,
        0.05138198302,
        0.05335902502,
        0.05139156702,
        0.050901025020000004,
        0.05039352502,
        0.05144398402,
        0.05202948302,
        0.05160615002,
        0.05297327502,
        0.05017931702,
        0.049691442020000004,
        0.050744109020000004,
        0.05026477502,
        0.05114565002,
        0.05029215002,
        0.05036606702,
        0.05067994202,
        0.05078827502,
        0.05296985802,
        0.05168610902,
        0.05060931702,
        0.05077194102,
        0.05135548302,
        0.05354902502,
        0.054268858020000005,
        0.05104815002,
        0.051299650020000004,
        0.05182477502,
        0.050050400020000003,
        0.05096919202,
        0.05202577502,
        0.05049419202,
        0.05218823302,
        0.05151560902,
        0.05066935902,
        0.05012527502,
        0.05099277502,
        0.050044941020000004,
        0.05403423302,
        0.05002873302,
        0.050035067020000004
      ],
      "exit_codes": [
        0,
        0,
        0,
        0,
        0,
        0,
        0,
        0,
        0,
        0,
        0,
        0,
        0,
        0,
        0,
        0,
        0,
        0,
        0,
        0,
        0,
        0,
        0,
        0,
        0,
        0,
        0,
        0,
        0,
        0,
        0,
        0,
        0,
        0,
        0,
        0,
        0,
        0,
        0,
        0,
        0,
        0,
        0,
        0,
        0,
        0,
        0,
        0,
        0,
        0,
        0,
        0,
        0,
        0,
        0,
        0,
        0
      ]
    }
  ]
}
