{
  "results": [
    {
      "command": "./prime --lo 0 --hi 100000 --nPartitions 4",
      "mean": 0.0829196875057143,
      "stddev": 0.0003349681037791137,
      "median": 0.08292611842000001,
      "user": 0.20474933999999997,
      "system": 0.02319853142857143,
      "min": 0.08230791042,
      "max": 0.08356490942000001,
      "times": [
        0.08286699342,
        0.08272407642000001,
        0.08324766042000001,
        0.08254020142000001,
        0.08256307642,
        0.08245566042000001,
        0.08241270242000001,
        0.08287824342000001,
        0.08299124342000001,
        0.08342907642000001,
        0.08277966042000001,
        0.08301886842000002,
        0.08294882742000001,
        0.08262920142,
        0.08250378542000002,
        0.08342453542000001,
        0.08306382642000001,
        0.08269557742000001,
        0.08292278542,
        0.08337674342000001,
        0.08321399342000001,
        0.08273886842000001,
        0.08316616042000001,
        0.08338507642000001,
        0.08298924342000001,
        0.08334078442000001,
        0.08295632742000002,
        0.08319715942000001,
        0.08292611842000001,
        0.08270082742000001,
        0.08230791042,
        0.08356490942000001,
        0.08268153542000001,
        0.08242799342000001,
        0.08311940942000001
      ],
      "exit_codes": [
        0,
        0,
        0,
        0,
        0,
        0,
        0,
        0,
        0,
        0,
        0,
        0,
        0,
        0,
        0,
        0,
        0,
        0,
        0,
        0,
        0,
        0,
        0,
        0,
        0,
        0,
        0,
        0,
        0,
        0,
        0,
        0,
        0,
        0,
        0
      ]
    }
  ]
}
