{
  "results": [
    {
      "command": "./prime --lo 0 --hi 100000 --nPartitions 16",
      "mean": 0.04618536966874999,
      "stddev": 0.0010841338973410829,
      "median": 0.0460997432,
      "user": 0.30107740625,
      "system": 0.0061998806249999976,
      "min": 0.04416299370000001,
      "max": 0.049047576700000005,
      "times": [
        0.044489826700000006,
        0.04632540970000001,
        0.0471225347,
        0.044982035700000006,
        0.046521617700000004,
        0.0474722017,
        0.0447589107,
        0.048166034700000006,
        0.044742742700000004,
        0.046093117700000005,
        0.0468647427,
        0.0462648687,
        0.047741826700000004,
        0.0454424937,
        0.04747611870000001,
        0.046750034700000005,
        0.047080743700000004,
        0.0469317017,
        0.04581036770000001,
        0.0482123267,
        0.0464018267,
        0.04707699270000001,
        0.045232035700000006,
        0.045492784700000004,
        0.046381534700000004,
        0.045585534700000006,
        0.04491353570000001,
        0.045118534700000004,
        0.0455667437,
        0.0452226187,
        0.0463590767,
        0.046031660700000004,
        0.0459762437,
        0.04602120170000001,
        0.045890826700000005,
        0.04416299370000001,
        0.046698118700000006,
        0.045308118700000004,
        0.0450789927,
        0.0472885767,
        0.04543924370000001,
        0.046109701700000005,
        0.0445031607,
        0.045160534700000005,
        0.046674326700000004,
        0.045363034700000006,
        0.049047576700000005,
        0.044893076700000006,
        0.045168576700000004,
        0.0485951177,
        0.0472924107,
        0.04536532670000001,
        0.045598534700000005,
        0.0473873687,
        0.045500826700000004,
        0.047175118700000004,
        0.046340493700000006,
        0.04638403470000001,
        0.046540242700000005,
        0.0466259517,
        0.046106368700000004,
        0.0483886607,
        0.045970409700000006,
        0.0451759517
      ],
      "exit_codes": [
        0,
        0,
        0,
        0,
        0,
        0,
        0,
        0,
        0,
        0,
        0,
        0,
        0,
        0,
        0,
        0,
        0,
        0,
        0,
        0,
        0,
        0,
        0,
        0,
        0,
        0,
        0,
        0,
        0,
        0,
        0,
        0,
        0,
        0,
        0,
        0,
        0,
        0,
        0,
        0,
        0,
        0,
        0,
        0,
        0,
        0,
        0,
        0,
        0,
        0,
        0,
        0,
        0,
        0,
        0,
        0,
        0,
        0,
        0,
        0,
        0,
        0,
        0,
        0
      ]
    }
  ]
}
