{
  "results": [
    {
      "command": "./prime --lo 0 --hi 100000 --nPartitions 2048",
      "mean": 0.04500742454687501,
      "stddev": 0.0004237203554746378,
      "median": 0.04499737250000001,
      "user": 0.29941467125000015,
      "system": 0.011041993124999998,
      "min": 0.044308351,
      "max": 0.04594231,
      "times": [
        0.044495727,
        0.045857143,
        0.045413393,
        0.045271602,
        0.045444102,
        0.045193394000000005,
        0.044661893,
        0.04524031,
        0.044665519,
        0.045419893,
        0.044399560000000005,
        0.04469256,
        0.045637226,
        0.04521981,
        0.045390769000000004,
        0.045701393,
        0.045096727,
        0.04594231,
        0.04577206,
        0.045476143000000004,
        0.045394143000000005,
        0.044861144,
        0.045393768,
        0.044530685,
        0.045218060000000004,
        0.04447681,
        0.044723893,
        0.045276352,
        0.045248893000000005,
        0.045472769,
        0.04448831,
        0.044308351,
        0.044854477000000004,
        0.044617893,
        0.044986435000000005,
        0.04519831,
        0.045182977,
        0.04545556,
        0.044630268,
        0.044338185,
        0.045025227,
        0.044380893000000005,
        0.044967726,
        0.04484581,
        0.044377810000000004,
        0.045367518,
        0.045553601,
        0.04448556,
        0.044629602000000004,
        0.04500831,
        0.044663935,
        0.044880976,
        0.044871477,
        0.044716518000000004,
        0.045186976000000004,
        0.044613435,
        0.044450602,
        0.044966394,
        0.045218893,
        0.045368143,
        0.044957977,
        0.044794352,
        0.044338643000000004,
        0.045155976
      ],
      "exit_codes": [
        0,
        0,
        0,
        0,
        0,
        0,
        0,
        0,
        0,
        0,
        0,
        0,
        0,
        0,
        0,
        0,
        0,
        0,
        0,
        0,
        0,
        0,
        0,
        0,
        0,
        0,
        0,
        0,
        0,
        0,
        0,
        0,
        0,
        0,
        0,
        0,
        0,
        0,
        0,
        0,
        0,
        0,
        0,
        0,
        0,
        0,
        0,
        0,
        0,
        0,
        0,
        0,
        0,
        0,
        0,
        0,
        0,
        0,
        0,
        0,
        0,
        0,
        0,
        0
      ]
    }
  ]
}
