{
  "results": [
    {
      "command": "./prime --lo 0 --hi 100000 --nPartitions 2048",
      "mean": 0.04502868994031745,
      "stddev": 0.0004142171703718536,
      "median": 0.04498383348,
      "user": 0.2990730076190476,
      "system": 0.010769354920634917,
      "min": 0.04409179248,
      "max": 0.04598883448,
      "times": [
        0.04520883448,
        0.04533687648,
        0.04558987548,
        0.045843125480000003,
        0.04509491748,
        0.04515458348,
        0.04484854248,
        0.04535545948,
        0.04553037648,
        0.04488716748,
        0.04515508348,
        0.04491700148,
        0.04473262548,
        0.04474125048,
        0.04468654248,
        0.04598883448,
        0.04468129248,
        0.04545400148,
        0.04496104248,
        0.04510558448,
        0.04512550048,
        0.04578220948,
        0.04479145948,
        0.04580687548,
        0.04530075048,
        0.04536037548,
        0.04504070848,
        0.04484558348,
        0.04533800048,
        0.04409179248,
        0.04502795948,
        0.04523641748,
        0.04449354248,
        0.044726626480000004,
        0.04502437648,
        0.04472216748,
        0.04460687548,
        0.04572095848,
        0.04502150048,
        0.04571208348,
        0.044497125480000004,
        0.04497675148,
        0.04469887548,
        0.04485166748,
        0.04477800048,
        0.04541975148,
        0.04450641748,
        0.04515483348,
        0.04519225048,
        0.04489691748,
        0.04476337548,
        0.04498383348,
        0.04476091748,
        0.04437858448,
        0.04416387648,
        0.04422500148,
        0.04494179248,
        0.04524162548,
        0.04535929248,
        0.04495616748,
        0.04473875148,
        0.04550570848,
        0.04476716748
      ],
      "exit_codes": [
        0,
        0,
        0,
        0,
        0,
        0,
        0,
        0,
        0,
        0,
        0,
        0,
        0,
        0,
        0,
        0,
        0,
        0,
        0,
        0,
        0,
        0,
        0,
        0,
        0,
        0,
        0,
        0,
        0,
        0,
        0,
        0,
        0,
        0,
        0,
        0,
        0,
        0,
        0,
        0,
        0,
        0,
        0,
        0,
        0,
        0,
        0,
        0,
        0,
        0,
        0,
        0,
        0,
        0,
        0,
        0,
        0,
        0,
        0,
        0,
        0,
        0,
        0
      ]
    }
  ]
}
