{
  "results": [
    {
      "command": "./prime --lo 0 --hi 100000 --nPartitions 128",
      "mean": 0.04364603186307693,
      "stddev": 0.00024859917285075244,
      "median": 0.043635843740000006,
      "user": 0.30843841384615367,
      "system": 0.0038483584615384616,
      "min": 0.043010552740000006,
      "max": 0.04453105274000001,
      "times": [
        0.04369638574,
        0.043532427740000004,
        0.04359709374,
        0.04377813574,
        0.04384867674,
        0.04387051074000001,
        0.04341734374,
        0.044010926740000005,
        0.043440385740000004,
        0.04390059374,
        0.043454302740000006,
        0.04373688574,
        0.04378355174,
        0.043613301740000006,
        0.043547677740000006,
        0.04368134374,
        0.043869593740000004,
        0.043521760740000005,
        0.04396696874,
        0.043668260740000006,
        0.04408751074,
        0.04373488574000001,
        0.043886177740000004,
        0.04360151074,
        0.04356838574000001,
        0.043613802740000006,
        0.043387177740000005,
        0.04359655274,
        0.04342988574000001,
        0.04353155274000001,
        0.043595676740000006,
        0.043730302740000004,
        0.043778551740000005,
        0.04453105274000001,
        0.043862593740000004,
        0.043635843740000006,
        0.043602927740000005,
        0.043510135740000004,
        0.043748427740000005,
        0.04357742774,
        0.04367930274,
        0.043246593740000006,
        0.043710344740000004,
        0.043335093740000004,
        0.04390138574000001,
        0.043010552740000006,
        0.043471718740000005,
        0.043651968740000005,
        0.04350913574,
        0.04391455274,
        0.04367588574,
        0.04404659374,
        0.04306046874,
        0.043374468740000005,
        0.04378021974,
        0.04401884474000001,
        0.043407885740000006,
        0.04365626074,
        0.04353505274,
        0.04323451074,
        0.04366538574000001,
        0.043623676740000006,
        0.04323667674,
        0.04359609474,
        0.04370288574
      ],
      "exit_codes": [
        0,
        0,
        0,
        0,
        0,
        0,
        0,
        0,
        0,
        0,
        0,
        0,
        0,
        0,
        0,
        0,
        0,
        0,
        0,
        0,
        0,
        0,
        0,
        0,
        0,
        0,
        0,
        0,
        0,
        0,
        0,
        0,
        0,
        0,
        0,
        0,
        0,
        0,
        0,
        0,
        0,
        0,
        0,
        0,
        0,
        0,
        0,
        0,
        0,
        0,
        0,
        0,
        0,
        0,
        0,
        0,
        0,
        0,
        0,
        0,
        0,
        0,
        0,
        0,
        0
      ]
    }
  ]
}
