{
  "results": [
    {
      "command": "./prime --lo 0 --hi 100000 --nPartitions 128",
      "mean": 0.0436337395660606,
      "stddev": 0.0002683197876014093,
      "median": 0.04360601696,
      "user": 0.30852549878787877,
      "system": 0.0038037218181818182,
      "min": 0.04300807946,
      "max": 0.04447670446,
      "times": [
        0.04340853746,
        0.04361341246,
        0.04361695446,
        0.04411524646,
        0.04378824646,
        0.04413795346,
        0.04340545446,
        0.04388653746,
        0.04341191246,
        0.04346470446,
        0.04360820446,
        0.04367487046,
        0.043526953460000004,
        0.04347207946,
        0.04352141246,
        0.04411628746,
        0.04415778746,
        0.04352053746,
        0.04390670446,
        0.04349524546,
        0.04348949646,
        0.04348962046,
        0.04343774646,
        0.04407232846,
        0.04413778746,
        0.04388666246,
        0.04395753746,
        0.04390507946,
        0.04365820346,
        0.04367620446,
        0.04351441246,
        0.04365024546,
        0.04330816246,
        0.04323820446,
        0.04379066246,
        0.04333207946,
        0.04351737146,
        0.04337966246,
        0.04318487146,
        0.04360382946,
        0.04369382846,
        0.04371599546,
        0.04352928746,
        0.04366632946,
        0.04376320446,
        0.04349282946,
        0.04373616246,
        0.04447670446,
        0.04326903746,
        0.04349095446,
        0.04381332846,
        0.04373766246,
        0.04340382946,
        0.04330862146,
        0.04365432946,
        0.04346041246,
        0.04388328746,
        0.04342353746,
        0.04365632846,
        0.04346445446,
        0.04353303746,
        0.043508787460000004,
        0.04391737046,
        0.04300807946,
        0.04351157946,
        0.04362862146
      ],
      "exit_codes": [
        0,
        0,
        0,
        0,
        0,
        0,
        0,
        0,
        0,
        0,
        0,
        0,
        0,
        0,
        0,
        0,
        0,
        0,
        0,
        0,
        0,
        0,
        0,
        0,
        0,
        0,
        0,
        0,
        0,
        0,
        0,
        0,
        0,
        0,
        0,
        0,
        0,
        0,
        0,
        0,
        0,
        0,
        0,
        0,
        0,
        0,
        0,
        0,
        0,
        0,
        0,
        0,
        0,
        0,
        0,
        0,
        0,
        0,
        0,
        0,
        0,
        0,
        0,
        0,
        0,
        0
      ]
    }
  ]
}
